<?xml version="1.0" encoding="utf-8"?>
<Defs>

    <SpecialThingFilterDef>
        <defName>AllowNamedWeapons</defName>
        <label>allow named</label>
        <parentCategory>Root</parentCategory>
        <allowedByDefault>true</allowedByDefault>
        <saveKey>allowNamedWeapons</saveKey>
        <workerClass>RenameEverything.SpecialThingFilterWorker_AllowNamed</workerClass>
    </SpecialThingFilterDef>

    <SpecialThingFilterDef>
        <defName>AllowUnnamedWeapons</defName>
        <label>allow unnamed</label>
        <parentCategory>Root</parentCategory>
        <allowedByDefault>true</allowedByDefault>
        <saveKey>allowUnnamedWeapons</saveKey>
        <workerClass>RenameEverything.SpecialThingFilterWorker_AllowUnnamed</workerClass>
    </SpecialThingFilterDef>

</Defs>